,Tip,Ecto_spp,Genus,Plot,Site,Salix.spp,Ind,abund,Plspp,mean,Phylum,Order
1,1,Laccaria1,Laccaria,6,89,DIS,BB-3N,1,89DIS,-0.3,Basidiomycota,Agaricales
2,3,Laccaria1,Laccaria,6,89,DIS,BB-3N,1,89DIS,-0.3,Basidiomycota,Agaricales
5,9,Laccaria1,Laccaria,6,89,DIS,BB-3M,1,89DIS,-0.3,Basidiomycota,Agaricales
12,23,Laccaria3,Laccaria,6,89,DIS,BB-3S,1,89DIS,-0.3,Basidiomycota,Agaricales
40,208,Inocybe5,Inocybe,2,10,HUM,10HUM1,1,10HUM,-1,Basidiomycota,Agaricales
44,219,Inocybe5,Inocybe,2,10,HUM,10HUM1,1,10HUM,-1,Basidiomycota,Agaricales
83,303,Inocybe5,Inocybe,2,10,HUM,10HUM3,1,10HUM,-1,Basidiomycota,Agaricales
98,378,Entoloma1,Entoloma,4,26,DIS,26DIS3,1,26DIS,-0.4,Basidiomycota,Agaricales
100,380,Entoloma1,Entoloma,4,26,DIS,26DIS3,1,26DIS,-0.4,Basidiomycota,Agaricales
101,381,Entoloma1,Entoloma,4,26,DIS,26DIS3,1,26DIS,-0.4,Basidiomycota,Agaricales
102,382,Entoloma1,Entoloma,4,26,DIS,26DIS3,1,26DIS,-0.4,Basidiomycota,Agaricales
103,383,Entoloma1,Entoloma,4,26,DIS,26DIS3,1,26DIS,-0.4,Basidiomycota,Agaricales
105,385,Entoloma1,Entoloma,4,26,DIS,26DIS3,1,26DIS,-0.4,Basidiomycota,Agaricales
106,386,Entoloma1,Entoloma,4,26,DIS,26DIS3,1,26DIS,-0.4,Basidiomycota,Agaricales
107,387,Entoloma1,Entoloma,4,26,DIS,26DIS3,1,26DIS,-0.4,Basidiomycota,Agaricales
119,410,Laccaria1,Laccaria,4,26,BEB,26BEB1,1,26BEB,-0.4,Basidiomycota,Agaricales
120,411,Laccaria1,Laccaria,4,26,BEB,26BEB1,1,26BEB,-0.4,Basidiomycota,Agaricales
126,418,Laccaria3,Laccaria,4,26,BEB,26BEB2,1,26BEB,-0.4,Basidiomycota,Agaricales
128,421,Cortinarius1,Cortinarius,4,26,BEB,26BEB2,1,26BEB,-0.4,Basidiomycota,Agaricales
129,422,Cortinarius1,Cortinarius,4,26,BEB,26BEB2,1,26BEB,-0.4,Basidiomycota,Agaricales
131,424,Cortinarius1,Cortinarius,4,26,BEB,26BEB2,1,26BEB,-0.4,Basidiomycota,Agaricales
139,433,Inocybe_lacera_var._lacera,Inocybe,4,26,BEB,26BEB3,1,26BEB,-0.4,Basidiomycota,Agaricales
143,437,Inocybe_lacera_var._lacera,Inocybe,4,26,BEB,26BEB3,1,26BEB,-0.4,Basidiomycota,Agaricales
148,442,Hebeloma_cf._atrobrunneum,Hebeloma,4,26,PET,26PET1,1,26PET,-0.4,Basidiomycota,Agaricales
150,444,Hebeloma_cf._atrobrunneum,Hebeloma,4,26,PET,26PET1,1,26PET,-0.4,Basidiomycota,Agaricales
152,445,Hebeloma3,Hebeloma,4,26,PET,26PET1,1,26PET,-0.4,Basidiomycota,Agaricales
166,464,Cortinarius2,Cortinarius,4,26,PET,26PET3,1,26PET,-0.4,Basidiomycota,Agaricales
186,505,Inocybe_lacera_var._lacera,Inocybe,5,92,BEB,92BEB1,1,92BEB,-0.4,Basidiomycota,Agaricales
187,506,Inocybe_lacera_var._lacera,Inocybe,5,92,BEB,92BEB1,1,92BEB,-0.4,Basidiomycota,Agaricales
188,509,Laccaria3,Laccaria,5,92,BEB,92BEB1,1,92BEB,-0.4,Basidiomycota,Agaricales
189,511,Inocybe_lacera_var._lacera,Inocybe,5,92,BEB,92BEB1,1,92BEB,-0.4,Basidiomycota,Agaricales
190,514,Inocybe_lacera_var._lacera,Inocybe,5,92,BEB,92BEB1,1,92BEB,-0.4,Basidiomycota,Agaricales
191,516,Inocybe_lacera_var._lacera,Inocybe,5,92,BEB,92BEB1,1,92BEB,-0.4,Basidiomycota,Agaricales
199,542,Entoloma1,Entoloma,8,18,PET,18PET1,1,18PET,-0.1,Basidiomycota,Agaricales
200,543,Entoloma1,Entoloma,8,18,PET,18PET1,1,18PET,-0.1,Basidiomycota,Agaricales
215,562,Hebeloma_cf._atrobrunneum,Hebeloma,8,18,PET,18PET3,1,18PET,-0.1,Basidiomycota,Agaricales
220,568,Hebeloma_cf._atrobrunneum,Hebeloma,8,18,PET,18PET3,1,18PET,-0.1,Basidiomycota,Agaricales
221,571,Hebeloma_cf._atrobrunneum,Hebeloma,8,18,PED,18PED1,1,18PED,-0.1,Basidiomycota,Agaricales
222,572,Hebeloma_cf._atrobrunneum,Hebeloma,8,18,PED,18PED1,1,18PED,-0.1,Basidiomycota,Agaricales
223,573,Hebeloma_cf._atrobrunneum,Hebeloma,8,18,PED,18PED1,1,18PED,-0.1,Basidiomycota,Agaricales
226,580,Hebeloma_cf._atrobrunneum,Hebeloma,8,18,PED,18PED1,1,18PED,-0.1,Basidiomycota,Agaricales
227,582,Hebeloma_cf._atrobrunneum,Hebeloma,8,18,PED,18PED1,1,18PED,-0.1,Basidiomycota,Agaricales
230,586,Hebeloma_cf._atrobrunneum,Hebeloma,8,18,PED,18PED2,1,18PED,-0.1,Basidiomycota,Agaricales
232,588,Hebeloma_cf._atrobrunneum,Hebeloma,8,18,PED,18PED2,1,18PED,-0.1,Basidiomycota,Agaricales
236,593,Hebeloma_cf._atrobrunneum,Hebeloma,8,18,PED,18PED2,1,18PED,-0.1,Basidiomycota,Agaricales
244,601,Hebeloma1,Hebeloma,8,18,PED,18PED3,1,18PED,-0.1,Basidiomycota,Agaricales
266,633,Hebeloma_cf._atrobrunneum,Hebeloma,8,18,DIS,18DIS2,1,18DIS,-0.1,Basidiomycota,Agaricales
283,651,Inocybe_lacera_var._lacera,Inocybe,10,19,PED,19PED1,1,19PED,-0.1,Basidiomycota,Agaricales
286,655,Hebeloma_cf._atrobrunneum,Hebeloma,10,19,PED,19PED2,1,19PED,-0.1,Basidiomycota,Agaricales
287,656,Hebeloma_cf._atrobrunneum,Hebeloma,10,19,PED,19PED2,1,19PED,-0.1,Basidiomycota,Agaricales
288,657,Hebeloma_cf._atrobrunneum,Hebeloma,10,19,PED,19PED2,1,19PED,-0.1,Basidiomycota,Agaricales
289,658,Hebeloma_cf._atrobrunneum,Hebeloma,10,19,PED,19PED2,1,19PED,-0.1,Basidiomycota,Agaricales
291,660,Hebeloma_cf._atrobrunneum,Hebeloma,10,19,PED,19PED2,1,19PED,-0.1,Basidiomycota,Agaricales
292,662,Hebeloma_cf._atrobrunneum,Hebeloma,10,19,PED,19PED2,1,19PED,-0.1,Basidiomycota,Agaricales
293,665,Hebeloma_cf._atrobrunneum,Hebeloma,10,19,PED,19PED2,1,19PED,-0.1,Basidiomycota,Agaricales
294,666,Hebeloma_cf._atrobrunneum,Hebeloma,10,19,PED,19PED2,1,19PED,-0.1,Basidiomycota,Agaricales
302,679,Cortinarius1,Cortinarius,10,19,PET,19PET1,1,19PET,-0.1,Basidiomycota,Agaricales
304,681,Cortinarius1,Cortinarius,10,19,PET,19PET1,1,19PET,-0.1,Basidiomycota,Agaricales
305,682,Cortinarius1,Cortinarius,10,19,PET,19PET1,1,19PET,-0.1,Basidiomycota,Agaricales
307,684,Cortinarius1,Cortinarius,10,19,PET,19PET1,1,19PET,-0.1,Basidiomycota,Agaricales
308,685,Hebeloma_cf._atrobrunneum,Hebeloma,10,19,PET,19PET1,1,19PET,-0.1,Basidiomycota,Agaricales
310,687,Hebeloma_cf._atrobrunneum,Hebeloma,10,19,PET,19PET1,1,19PET,-0.1,Basidiomycota,Agaricales
311,688,Cortinarius1,Cortinarius,10,19,PET,19PET1,1,19PET,-0.1,Basidiomycota,Agaricales
312,689,Hebeloma_cf._atrobrunneum,Hebeloma,10,19,PET,19PET1,1,19PET,-0.1,Basidiomycota,Agaricales
342,725,Hebeloma_cf._atrobrunneum,Hebeloma,10,19,CAN,19CAN1,1,19CAN,-0.1,Basidiomycota,Agaricales
357,755,Inocybe_glabrescens,Inocybe,9,40,BEB,40BEB3,1,40BEB,-0.1,Basidiomycota,Agaricales
358,756,Inocybe_glabrescens,Inocybe,9,40,BEB,40BEB3,1,40BEB,-0.1,Basidiomycota,Agaricales
360,758,Inocybe_glabrescens,Inocybe,9,40,BEB,40BEB3,1,40BEB,-0.1,Basidiomycota,Agaricales
361,759,Inocybe_glabrescens,Inocybe,9,40,BEB,40BEB3,1,40BEB,-0.1,Basidiomycota,Agaricales
362,760,Inocybe_glabrescens,Inocybe,9,40,BEB,40BEB3,1,40BEB,-0.1,Basidiomycota,Agaricales
377,779,Laccaria_laccata,Laccaria,9,40,DIS,40DIS1,1,40DIS,-0.1,Basidiomycota,Agaricales
390,800,Laccaria_laccata,Laccaria,9,40,PET,40PET2,1,40PET,-0.1,Basidiomycota,Agaricales
412,864,Hebeloma_cf._atrobrunneum,Hebeloma,7,34,PET,34PET1,1,34PET,-0.1,Basidiomycota,Agaricales
413,865,Hebeloma_cf._atrobrunneum,Hebeloma,7,34,PET,34PET1,1,34PET,-0.1,Basidiomycota,Agaricales
414,866,Hebeloma_cf._atrobrunneum,Hebeloma,7,34,PET,34PET1,1,34PET,-0.1,Basidiomycota,Agaricales
415,867,Hebeloma_cf._atrobrunneum,Hebeloma,7,34,PET,34PET1,1,34PET,-0.1,Basidiomycota,Agaricales
428,883,Hebeloma_cf._atrobrunneum,Hebeloma,7,34,SER,34SER2,1,34SER,-0.1,Basidiomycota,Agaricales
439,894,Hebeloma_cf._atrobrunneum,Hebeloma,7,34,SER,34SER2,1,34SER,-0.1,Basidiomycota,Agaricales
450,907,Hebeloma_cf._atrobrunneum,Hebeloma,7,34,PET,34PET3,1,34PET,-0.1,Basidiomycota,Agaricales
451,908,Hebeloma_cf._atrobrunneum,Hebeloma,7,34,PET,34PET3,1,34PET,-0.1,Basidiomycota,Agaricales
452,910,Hebeloma_cf._atrobrunneum,Hebeloma,7,34,PET,34PET3,1,34PET,-0.1,Basidiomycota,Agaricales
453,912,Hebeloma_cf._atrobrunneum,Hebeloma,7,34,PET,34PET3,1,34PET,-0.1,Basidiomycota,Agaricales
460,921,Inocybe_lacera_var._lacera,Inocybe,7,34,CAN,34CAN3,1,34CAN,-0.1,Basidiomycota,Agaricales
464,926,Inocybe_lacera_var._lacera,Inocybe,7,34,CAN,34CAN3,1,34CAN,-0.1,Basidiomycota,Agaricales
465,927,Inocybe_lacera_var._lacera,Inocybe,7,34,CAN,34CAN3,1,34CAN,-0.1,Basidiomycota,Agaricales
474,945,Hebeloma_cf._atrobrunneum,Hebeloma,7,34,PET,34PET2,1,34PET,-0.1,Basidiomycota,Agaricales
480,953,Hebeloma_cf._atrobrunneum,Hebeloma,7,34,PET,34PET2,1,34PET,-0.1,Basidiomycota,Agaricales
481,954,Hebeloma_cf._atrobrunneum,Hebeloma,7,34,PET,34PET2,1,34PET,-0.1,Basidiomycota,Agaricales
515,1030,Cortinarius3,Cortinarius,12,49,DIS,49DIS1,1,49DIS,0.1,Basidiomycota,Agaricales
516,1031,Cortinarius3,Cortinarius,12,49,DIS,49DIS1,1,49DIS,0.1,Basidiomycota,Agaricales
522,1037,Cortinarius3,Cortinarius,12,49,DIS,49DIS1,1,49DIS,0.1,Basidiomycota,Agaricales
559,1075,Hebeloma2,Hebeloma,12,49,PED,49PED1,1,49PED,0.1,Basidiomycota,Agaricales
566,1084,Hebeloma2,Hebeloma,12,49,PED,49PED1,1,49PED,0.1,Basidiomycota,Agaricales
583,1104,Hebeloma_cf._atrobrunneum,Hebeloma,11,68,PET,68PET2,1,68PET,-0.1,Basidiomycota,Agaricales
586,1110,Hebeloma_cf._atrobrunneum,Hebeloma,11,68,PET,68PET2,1,68PET,-0.1,Basidiomycota,Agaricales
587,1111,Inocybe_glabrescens,Inocybe,11,68,SER,68SER1,1,68SER,-0.1,Basidiomycota,Agaricales
588,1112,Inocybe3,Inocybe,11,68,SER,68SER1,1,68SER,-0.1,Basidiomycota,Agaricales
589,1116,Inocybe3,Inocybe,11,68,SER,68SER1,1,68SER,-0.1,Basidiomycota,Agaricales
592,1119,Inocybe3,Inocybe,11,68,SER,68SER1,1,68SER,-0.1,Basidiomycota,Agaricales
593,1121,Inocybe_glabrescens,Inocybe,11,68,SER,68SER1,1,68SER,-0.1,Basidiomycota,Agaricales
604,1151,Hebeloma_cf._atrobrunneum,Hebeloma,11,68,PET,68PET1,1,68PET,-0.1,Basidiomycota,Agaricales
605,1152,Hebeloma_cf._atrobrunneum,Hebeloma,11,68,PET,68PET1,1,68PET,-0.1,Basidiomycota,Agaricales
608,1155,Hebeloma_cf._atrobrunneum,Hebeloma,11,68,PET,68PET1,1,68PET,-0.1,Basidiomycota,Agaricales
610,1157,Hebeloma1,Hebeloma,11,68,PET,68PET1,1,68PET,-0.1,Basidiomycota,Agaricales
614,1195,Cortinarius4,Cortinarius,1,AS1,HUM,AS1HUM1,1,AS1HUM,-1.3,Basidiomycota,Agaricales
627,1217,Inocybe4,Inocybe,1,AS1,HUM,AS1HUM2,1,AS1HUM,-1.3,Basidiomycota,Agaricales
637,1229,Inocybe4,Inocybe,1,AS1,HUM,AS1HUM3,1,AS1HUM,-1.3,Basidiomycota,Agaricales
638,1230,Inocybe4,Inocybe,1,AS1,HUM,AS1HUM3,1,AS1HUM,-1.3,Basidiomycota,Agaricales
677,1334,Inocybe9,Inocybe,3,AS3,HUM,AS3HUM3,1,AS3HUM,-0.9,Basidiomycota,Agaricales
678,1337,Laccaria1,Laccaria,3,AS3,HUM,AS3HUM3,1,AS3HUM,-0.9,Basidiomycota,Agaricales
726,1412,Cortinarius4,Cortinarius,3,AS3,BEB,AS3BEB3,1,AS3BEB,-0.9,Basidiomycota,Agaricales
761,1473,Laccaria_laccata,Laccaria,6,89,BEB,,1,89BEB,-0.3,Basidiomycota,Agaricales
762,1474,Laccaria_laccata,Laccaria,6,89,BEB,,1,89BEB,-0.3,Basidiomycota,Agaricales
458,919,Cadophora_finlandica,Cadophora,7,34,CAN,34CAN3,1,34CAN,-0.1,Ascomycota,Cadophora
19,69,Clavulinopsis_helvola,Clavulina,6,89,PET,BB-2c,1,89PET,-0.3,Basidiomycota,Cantharellales
80,296,Clavulina2,Clavulina,2,10,HUM,10HUM3,1,10HUM,-1,Basidiomycota,Cantharellales
81,298,Clavulina2,Clavulina,2,10,HUM,10HUM3,1,10HUM,-1,Basidiomycota,Cantharellales
82,302,Clavulina2,Clavulina,2,10,HUM,10HUM3,1,10HUM,-1,Basidiomycota,Cantharellales
85,305,Clavulina2,Clavulina,2,10,HUM,10HUM3,1,10HUM,-1,Basidiomycota,Cantharellales
86,306,Clavulina2,Clavulina,2,10,HUM,10HUM3,1,10HUM,-1,Basidiomycota,Cantharellales
87,307,Clavulina2,Clavulina,2,10,HUM,10HUM3,1,10HUM,-1,Basidiomycota,Cantharellales
500,1014,Clavulina_cf._amethystina,Clavulina,12,49,PET,49PET3,1,49PET,0.1,Basidiomycota,Cantharellales
512,1027,Clavulina_cf._amethystina,Clavulina,12,49,DIS,49DIS1,1,49DIS,0.1,Basidiomycota,Cantharellales
513,1028,Clavulina_cf._amethystina,Clavulina,12,49,DIS,49DIS1,1,49DIS,0.1,Basidiomycota,Cantharellales
523,1038,Clavulina_cf._amethystina,Clavulina,12,49,DIS,49DIS1,1,49DIS,0.1,Basidiomycota,Cantharellales
526,1041,Clavulina_cf._amethystina,Clavulina,12,49,PET,49PET2,1,49PET,0.1,Basidiomycota,Cantharellales
531,1046,Clavulina_cf._amethystina,Clavulina,12,49,PET,49PET2,1,49PET,0.1,Basidiomycota,Cantharellales
532,1047,Clavulina_cf._amethystina,Clavulina,12,49,PET,49PET2,1,49PET,0.1,Basidiomycota,Cantharellales
533,1048,Clavulina_cf._amethystina,Clavulina,12,49,PET,49PET2,1,49PET,0.1,Basidiomycota,Cantharellales
534,1049,Clavulina_cf._amethystina,Clavulina,12,49,PET,49PET2,1,49PET,0.1,Basidiomycota,Cantharellales
535,1050,Clavulina_cf._amethystina,Clavulina,12,49,PET,49PET2,1,49PET,0.1,Basidiomycota,Cantharellales
536,1052,Clavulina_cf._amethystina,Clavulina,12,49,DIS,49DIS2,1,49DIS,0.1,Basidiomycota,Cantharellales
537,1053,Clavulina_cf._amethystina,Clavulina,12,49,DIS,49DIS2,1,49DIS,0.1,Basidiomycota,Cantharellales
538,1054,Clavulina_cf._amethystina,Clavulina,12,49,DIS,49DIS2,1,49DIS,0.1,Basidiomycota,Cantharellales
539,1055,Clavulina_cf._amethystina,Clavulina,12,49,DIS,49DIS2,1,49DIS,0.1,Basidiomycota,Cantharellales
540,1056,Clavulina_cf._amethystina,Clavulina,12,49,DIS,49DIS2,1,49DIS,0.1,Basidiomycota,Cantharellales
541,1058,Clavulina_cf._amethystina,Clavulina,12,49,DIS,49DIS2,1,49DIS,0.1,Basidiomycota,Cantharellales
542,1059,Clavulina_cf._amethystina,Clavulina,12,49,DIS,49DIS2,1,49DIS,0.1,Basidiomycota,Cantharellales
544,1061,Clavulina_cf._amethystina,Clavulina,12,49,DIS,49DIS2,1,49DIS,0.1,Basidiomycota,Cantharellales
545,1062,Clavulina_cf._amethystina,Clavulina,12,49,DIS,49DIS2,1,49DIS,0.1,Basidiomycota,Cantharellales
549,1066,Clavulina_cf._amethystina,Clavulina,12,49,PET,49PET1,1,49PET,0.1,Basidiomycota,Cantharellales
556,1073,Clavulina_cf._amethystina,Clavulina,12,49,PET,49PET1,1,49PET,0.1,Basidiomycota,Cantharellales
557,1074,Clavulina_cf._amethystina,Clavulina,12,49,PET,49PET1,1,49PET,0.1,Basidiomycota,Cantharellales
617,1200,Clavulinopsis_helvola,Clavulina,1,AS1,HUM,AS1HUM1,1,AS1HUM,-1.3,Basidiomycota,Cantharellales
647,1258,Clavulinopsis_helvola,Clavulina,1,AS1,PET,AS1PET3,1,AS1PET,-1.3,Basidiomycota,Cantharellales
648,1259,Clavulinopsis_helvola,Clavulina,1,AS1,PET,AS1PET3,1,AS1PET,-1.3,Basidiomycota,Cantharellales
692,1352,Clavulinopsis_helvola,Clavulina,3,AS3,PET,AS3PET2,1,AS3PET,-0.9,Basidiomycota,Cantharellales
7,13,Cenococcum_geophilum,Cenococcum,6,89,DIS,BB-3M,1,89DIS,-0.3,Ascomycota,Incertae sedis
42,215,Cenococcum_geophilum,Cenococcum,2,10,HUM,10HUM1,1,10HUM,-1,Ascomycota,Incertae sedis
43,218,Cenococcum_geophilum,Cenococcum,2,10,HUM,10HUM1,1,10HUM,-1,Ascomycota,Incertae sedis
46,221,Cenococcum_geophilum,Cenococcum,2,10,HUM,10HUM1,1,10HUM,-1,Ascomycota,Incertae sedis
366,766,Cenococcum_geophilum,Cenococcum,9,40,DIS,40DIS3,1,40DIS,-0.1,Ascomycota,Incertae sedis
371,771,Cenococcum_geophilum,Cenococcum,9,40,DIS,40DIS3,1,40DIS,-0.1,Ascomycota,Incertae sedis
563,1080,Cenococcum_geophilum,Cenococcum,12,49,PED,49PED1,1,49PED,0.1,Ascomycota,Incertae sedis
567,1085,Cenococcum_geophilum,Cenococcum,12,49,PED,49PED1,1,49PED,0.1,Ascomycota,Incertae sedis
615,1196,Cenococcum_geophilum,Cenococcum,1,AS1,HUM,AS1HUM1,1,AS1HUM,-1.3,Ascomycota,Incertae sedis
616,1198,Cenococcum_geophilum,Cenococcum,1,AS1,HUM,AS1HUM1,1,AS1HUM,-1.3,Ascomycota,Incertae sedis
619,1202,Cenococcum_geophilum,Cenococcum,1,AS1,HUM,AS1HUM1,1,AS1HUM,-1.3,Ascomycota,Incertae sedis
621,1206,Cenococcum_geophilum,Cenococcum,1,AS1,HUM,AS1HUM1,1,AS1HUM,-1.3,Ascomycota,Incertae sedis
626,1216,Cenococcum_geophilum,Cenococcum,1,AS1,HUM,AS1HUM2,1,AS1HUM,-1.3,Ascomycota,Incertae sedis
628,1220,Cenococcum_geophilum,Cenococcum,1,AS1,HUM,AS1HUM3,1,AS1HUM,-1.3,Ascomycota,Incertae sedis
634,1225,Cenococcum_geophilum,Cenococcum,1,AS1,HUM,AS1HUM3,1,AS1HUM,-1.3,Ascomycota,Incertae sedis
636,1227,Cenococcum_geophilum,Cenococcum,1,AS1,HUM,AS1HUM3,1,AS1HUM,-1.3,Ascomycota,Incertae sedis
693,1354,Cenococcum_geophilum,Cenococcum,3,AS3,PET,AS3PET2,1,AS3PET,-0.9,Ascomycota,Incertae sedis
699,1359,Cenococcum_geophilum,Cenococcum,3,AS3,PET,AS3PET2,1,AS3PET,-0.9,Ascomycota,Incertae sedis
6,12,Meliniomyces1,Meliniomyces,6,89,DIS,BB-3M,1,89DIS,-0.3,Ascomycota,Incertae sedis
9,16,Meliniomyces1,Meliniomyces,6,89,DIS,BB-3S,1,89DIS,-0.3,Ascomycota,Incertae sedis
37,203,Meliniomyces1,Meliniomyces,2,10,PET,10PET1,1,10PET,-1,Ascomycota,Incertae sedis
197,539,Meliniomyces1,Meliniomyces,5,92,BEB,92BEB3,1,92BEB,-0.4,Ascomycota,Incertae sedis
387,797,Meliniomyces1,Meliniomyces,9,40,BEB,40BEB2,1,40BEB,-0.1,Ascomycota,Incertae sedis
618,1201,Meliniomyces1,Meliniomyces,1,AS1,HUM,AS1HUM1,1,AS1HUM,-1.3,Ascomycota,Incertae sedis
620,1205,Meliniomyces1,Meliniomyces,1,AS1,HUM,AS1HUM1,1,AS1HUM,-1.3,Ascomycota,Incertae sedis
641,1234,Meliniomyces1,Meliniomyces,1,AS1,PET,AS1PET1,1,AS1PET,-1.3,Ascomycota,Incertae sedis
649,1283,Meliniomyces1,Meliniomyces,1,AS1,BEB,AS1BEB2,1,AS1BEB,-1.3,Ascomycota,Incertae sedis
650,1284,Meliniomyces1,Meliniomyces,1,AS1,BEB,AS1BEB2,1,AS1BEB,-1.3,Ascomycota,Incertae sedis
756,1466,Meliniomyces1,Meliniomyces,6,89,BEB,,1,89BEB,-0.3,Ascomycota,Incertae sedis
10,21,Chromelosporium1,Chromelosporium,6,89,DIS,BB-3S,1,89DIS,-0.3,Ascomycota,Pezizales
47,232,Otidea_cf._bufonia,Otidea,2,10,DIS,10DIS1,1,10DIS,-1,Ascomycota,Pezizales
88,366,Peziza4,Peziza,4,26,DIS,26DIS1,1,26DIS,-0.4,Ascomycota,Pezizales
90,368,Peziza4,Peziza,4,26,DIS,26DIS1,1,26DIS,-0.4,Ascomycota,Pezizales
92,371,Peziza4,Peziza,4,26,DIS,26DIS1,1,26DIS,-0.4,Ascomycota,Pezizales
96,375,Peziza4,Peziza,4,26,DIS,26DIS1,1,26DIS,-0.4,Ascomycota,Pezizales
118,409,Peziza4,Peziza,4,26,BEB,26BEB1,1,26BEB,-0.4,Ascomycota,Pezizales
165,463,Peziza2,Peziza,4,26,PET,26PET3,1,26PET,-0.4,Ascomycota,Pezizales
169,466,Peziza2,Peziza,4,26,PET,26PET3,1,26PET,-0.4,Ascomycota,Pezizales
171,468,Peziza2,Peziza,4,26,PET,26PET3,1,26PET,-0.4,Ascomycota,Pezizales
172,469,Peziza2,Peziza,4,26,PET,26PET3,1,26PET,-0.4,Ascomycota,Pezizales
173,470,Peziza2,Peziza,4,26,PET,26PET3,1,26PET,-0.4,Ascomycota,Pezizales
174,471,Peziza2,Peziza,4,26,PET,26PET3,1,26PET,-0.4,Ascomycota,Pezizales
175,472,Peziza2,Peziza,4,26,PET,26PET3,1,26PET,-0.4,Ascomycota,Pezizales
176,473,Peziza2,Peziza,4,26,PET,26PET3,1,26PET,-0.4,Ascomycota,Pezizales
192,518,Tuber3,Tuber,5,92,BEB,92BEB2,1,92BEB,-0.4,Ascomycota,Pezizales
202,547,Geopora2,Geopora,8,18,PET,18PET2,1,18PET,-0.1,Ascomycota,Pezizales
203,548,Geopora2,Geopora,8,18,PET,18PET2,1,18PET,-0.1,Ascomycota,Pezizales
217,565,Geopora2,Geopora,8,18,PET,18PET3,1,18PET,-0.1,Ascomycota,Pezizales
219,567,Tuber1,Tuber,8,18,PET,18PET3,1,18PET,-0.1,Ascomycota,Pezizales
249,609,Peziza2,Peziza,8,18,DIS,18DIS1,1,18DIS,-0.1,Ascomycota,Pezizales
250,610,Peziza2,Peziza,8,18,DIS,18DIS1,1,18DIS,-0.1,Ascomycota,Pezizales
251,611,Peziza2,Peziza,8,18,DIS,18DIS1,1,18DIS,-0.1,Ascomycota,Pezizales
252,612,Peziza2,Peziza,8,18,DIS,18DIS1,1,18DIS,-0.1,Ascomycota,Pezizales
254,614,Peziza2,Peziza,8,18,DIS,18DIS1,1,18DIS,-0.1,Ascomycota,Pezizales
255,615,Peziza2,Peziza,8,18,DIS,18DIS1,1,18DIS,-0.1,Ascomycota,Pezizales
256,616,Peziza2,Peziza,8,18,DIS,18DIS1,1,18DIS,-0.1,Ascomycota,Pezizales
257,617,Peziza2,Peziza,8,18,DIS,18DIS1,1,18DIS,-0.1,Ascomycota,Pezizales
258,618,Peziza2,Peziza,8,18,DIS,18DIS3,1,18DIS,-0.1,Ascomycota,Pezizales
295,667,Peziza3,Peziza,10,19,PED,19PED3,1,19PED,-0.1,Ascomycota,Pezizales
296,668,Peziza3,Peziza,10,19,PED,19PED3,1,19PED,-0.1,Ascomycota,Pezizales
297,669,Peziza3,Peziza,10,19,PED,19PED3,1,19PED,-0.1,Ascomycota,Pezizales
298,670,Peziza3,Peziza,10,19,PED,19PED3,1,19PED,-0.1,Ascomycota,Pezizales
299,673,Peziza3,Peziza,10,19,PED,19PED3,1,19PED,-0.1,Ascomycota,Pezizales
300,676,Peziza1,Peziza,10,19,PED,19PED3,1,19PED,-0.1,Ascomycota,Pezizales
301,677,Peziza3,Peziza,10,19,PED,19PED3,1,19PED,-0.1,Ascomycota,Pezizales
332,715,Peziza1,Peziza,10,19,CAN,19CAN1,1,19CAN,-0.1,Ascomycota,Pezizales
333,716,Peziza1,Peziza,10,19,CAN,19CAN1,1,19CAN,-0.1,Ascomycota,Pezizales
334,717,Geopora3,Geopora,10,19,CAN,19CAN1,1,19CAN,-0.1,Ascomycota,Pezizales
335,718,Peziza1,Peziza,10,19,CAN,19CAN1,1,19CAN,-0.1,Ascomycota,Pezizales
336,719,Peziza1,Peziza,10,19,CAN,19CAN1,1,19CAN,-0.1,Ascomycota,Pezizales
337,720,Peziza1,Peziza,10,19,CAN,19CAN1,1,19CAN,-0.1,Ascomycota,Pezizales
338,721,Peziza1,Peziza,10,19,CAN,19CAN1,1,19CAN,-0.1,Ascomycota,Pezizales
339,722,Peziza1,Peziza,10,19,CAN,19CAN1,1,19CAN,-0.1,Ascomycota,Pezizales
340,723,Peziza1,Peziza,10,19,CAN,19CAN1,1,19CAN,-0.1,Ascomycota,Pezizales
341,724,Peziza1,Peziza,10,19,CAN,19CAN1,1,19CAN,-0.1,Ascomycota,Pezizales
343,726,Peziza1,Peziza,10,19,CAN,19CAN1,1,19CAN,-0.1,Ascomycota,Pezizales
344,739,Tuber2,Tuber,10,19,CAN,19CAN3,1,19CAN,-0.1,Ascomycota,Pezizales
345,740,Peziza1,Peziza,10,19,CAN,19CAN3,1,19CAN,-0.1,Ascomycota,Pezizales
346,741,Peziza1,Peziza,10,19,CAN,19CAN3,1,19CAN,-0.1,Ascomycota,Pezizales
347,742,Tuber2,Tuber,10,19,CAN,19CAN3,1,19CAN,-0.1,Ascomycota,Pezizales
348,743,Peziza1,Peziza,10,19,CAN,19CAN3,1,19CAN,-0.1,Ascomycota,Pezizales
350,745,Peziza1,Peziza,10,19,CAN,19CAN3,1,19CAN,-0.1,Ascomycota,Pezizales
351,746,Tuber2,Tuber,10,19,CAN,19CAN3,1,19CAN,-0.1,Ascomycota,Pezizales
352,747,Tuber2,Tuber,10,19,CAN,19CAN3,1,19CAN,-0.1,Ascomycota,Pezizales
353,748,Tuber2,Tuber,10,19,CAN,19CAN3,1,19CAN,-0.1,Ascomycota,Pezizales
354,749,Tuber2,Tuber,10,19,CAN,19CAN3,1,19CAN,-0.1,Ascomycota,Pezizales
355,751,Peziza1,Peziza,9,40,BEB,40BEB3,1,40BEB,-0.1,Ascomycota,Pezizales
359,757,Peziza1,Peziza,9,40,BEB,40BEB3,1,40BEB,-0.1,Ascomycota,Pezizales
364,762,Peziza1,Peziza,9,40,BEB,40BEB3,1,40BEB,-0.1,Ascomycota,Pezizales
381,785,Peziza1,Peziza,9,40,DIS,40DIS1,1,40DIS,-0.1,Ascomycota,Pezizales
393,804,Chromelosporium1,Chromelosporium,9,40,PET,40PET2,1,40PET,-0.1,Ascomycota,Pezizales
397,809,Chromelosporium1,Chromelosporium,9,40,PET,40PET2,1,40PET,-0.1,Ascomycota,Pezizales
398,812,Hydnobolites1,Hydnobolites,9,40,DIS,40DIS2,1,40DIS,-0.1,Ascomycota,Pezizales
399,815,Helvella1,Helvella,9,40,DIS,40DIS2,1,40DIS,-0.1,Ascomycota,Pezizales
401,817,Hydnobolites1,Hydnobolites,9,40,DIS,40DIS2,1,40DIS,-0.1,Ascomycota,Pezizales
402,819,Hydnobolites1,Hydnobolites,9,40,DIS,40DIS2,1,40DIS,-0.1,Ascomycota,Pezizales
405,856,Tuber1,Tuber,9,40,PET,40PET3,1,40PET,-0.1,Ascomycota,Pezizales
406,857,Genabea1,Genabea,9,40,PET,40PET3,1,40PET,-0.1,Ascomycota,Pezizales
408,859,Geopora1,Geopora,7,34,PET,34PET1,1,34PET,-0.1,Ascomycota,Pezizales
409,860,Geopora1,Geopora,7,34,PET,34PET1,1,34PET,-0.1,Ascomycota,Pezizales
411,863,Geopora1,Geopora,7,34,PET,34PET1,1,34PET,-0.1,Ascomycota,Pezizales
416,868,Peziza2,Peziza,7,34,PET,34PET1,1,34PET,-0.1,Ascomycota,Pezizales
417,870,Geopora1,Geopora,7,34,PET,34PET1,1,34PET,-0.1,Ascomycota,Pezizales
430,885,Peziza1,Peziza,7,34,SER,34SER2,1,34SER,-0.1,Ascomycota,Pezizales
431,886,Peziza1,Peziza,7,34,SER,34SER2,1,34SER,-0.1,Ascomycota,Pezizales
432,887,Peziza1,Peziza,7,34,SER,34SER2,1,34SER,-0.1,Ascomycota,Pezizales
433,888,Peziza1,Peziza,7,34,SER,34SER2,1,34SER,-0.1,Ascomycota,Pezizales
438,893,Peziza1,Peziza,7,34,SER,34SER2,1,34SER,-0.1,Ascomycota,Pezizales
441,896,Peziza1,Peziza,7,34,CAN,34CAN1,1,34CAN,-0.1,Ascomycota,Pezizales
444,899,Peziza1,Peziza,7,34,CAN,34CAN1,1,34CAN,-0.1,Ascomycota,Pezizales
445,900,Peziza1,Peziza,7,34,CAN,34CAN1,1,34CAN,-0.1,Ascomycota,Pezizales
446,901,Peziza1,Peziza,7,34,CAN,34CAN1,1,34CAN,-0.1,Ascomycota,Pezizales
447,902,Peziza1,Peziza,7,34,CAN,34CAN1,1,34CAN,-0.1,Ascomycota,Pezizales
448,903,Peziza1,Peziza,7,34,CAN,34CAN1,1,34CAN,-0.1,Ascomycota,Pezizales
449,904,Peziza1,Peziza,7,34,CAN,34CAN1,1,34CAN,-0.1,Ascomycota,Pezizales
454,913,Geopora1,Geopora,7,34,PET,34PET3,1,34PET,-0.1,Ascomycota,Pezizales
469,933,Peziza2,Peziza,7,34,SER,34SER1,1,34SER,-0.1,Ascomycota,Pezizales
470,935,Peziza2,Peziza,7,34,SER,34SER1,1,34SER,-0.1,Ascomycota,Pezizales
471,936,Peziza2,Peziza,7,34,SER,34SER1,1,34SER,-0.1,Ascomycota,Pezizales
472,937,Peziza2,Peziza,7,34,SER,34SER1,1,34SER,-0.1,Ascomycota,Pezizales
473,941,Peziza2,Peziza,7,34,SER,34SER1,1,34SER,-0.1,Ascomycota,Pezizales
491,1004,Peziza3,Peziza,12,49,PET,49PET3,1,49PET,0.1,Ascomycota,Pezizales
492,1005,Peziza3,Peziza,12,49,PET,49PET3,1,49PET,0.1,Ascomycota,Pezizales
552,1069,Tuber1,Tuber,12,49,PET,49PET1,1,49PET,0.1,Ascomycota,Pezizales
572,1088,Peziza1,Peziza,11,68,CAN,68CAN3,1,68CAN,-0.1,Ascomycota,Pezizales
574,1091,Peziza1,Peziza,11,68,CAN,68CAN3,1,68CAN,-0.1,Ascomycota,Pezizales
575,1093,Peziza1,Peziza,11,68,CAN,68CAN3,1,68CAN,-0.1,Ascomycota,Pezizales
577,1095,Peziza1,Peziza,11,68,CAN,68CAN3,1,68CAN,-0.1,Ascomycota,Pezizales
580,1097,Geopora3,Geopora,11,68,CAN,68CAN3,1,68CAN,-0.1,Ascomycota,Pezizales
662,1303,Elaphomyces_decipiens,Elaphomyces,3,AS3,HUM,AS3HUM1,1,AS3HUM,-0.9,Ascomycota,Pezizales
663,1306,Elaphomyces_decipiens,Elaphomyces,3,AS3,HUM,AS3HUM1,1,AS3HUM,-0.9,Ascomycota,Pezizales
664,1307,Elaphomyces_decipiens,Elaphomyces,3,AS3,HUM,AS3HUM1,1,AS3HUM,-0.9,Ascomycota,Pezizales
666,1314,Elaphomyces_decipiens,Elaphomyces,3,AS3,HUM,AS3HUM1,1,AS3HUM,-0.9,Ascomycota,Pezizales
667,1315,Otidea_cf._bufonia,Otidea,3,AS3,HUM,AS3HUM2,1,AS3HUM,-0.9,Ascomycota,Pezizales
668,1317,Otidea_cf._bufonia,Otidea,3,AS3,HUM,AS3HUM2,1,AS3HUM,-0.9,Ascomycota,Pezizales
669,1319,Chromelosporium1,Chromelosporium,3,AS3,HUM,AS3HUM2,1,AS3HUM,-0.9,Ascomycota,Pezizales
670,1321,Otidea_cf._bufonia,Otidea,3,AS3,HUM,AS3HUM2,1,AS3HUM,-0.9,Ascomycota,Pezizales
671,1322,Otidea_cf._bufonia,Otidea,3,AS3,HUM,AS3HUM2,1,AS3HUM,-0.9,Ascomycota,Pezizales
672,1323,Otidea_cf._bufonia,Otidea,3,AS3,HUM,AS3HUM2,1,AS3HUM,-0.9,Ascomycota,Pezizales
673,1324,Otidea_cf._bufonia,Otidea,3,AS3,HUM,AS3HUM2,1,AS3HUM,-0.9,Ascomycota,Pezizales
674,1325,Otidea_cf._bufonia,Otidea,3,AS3,HUM,AS3HUM2,1,AS3HUM,-0.9,Ascomycota,Pezizales
675,1326,Otidea_cf._bufonia,Otidea,3,AS3,HUM,AS3HUM2,1,AS3HUM,-0.9,Ascomycota,Pezizales
690,1351,Tuber3,Tuber,3,AS3,PET,AS3PET2,1,AS3PET,-0.9,Ascomycota,Pezizales
695,1355,Tuber3,Tuber,3,AS3,PET,AS3PET2,1,AS3PET,-0.9,Ascomycota,Pezizales
697,1356,Tuber3,Tuber,3,AS3,PET,AS3PET2,1,AS3PET,-0.9,Ascomycota,Pezizales
744,1441,Tuber4,Tuber,6,89,DIS,89DIS1,1,89DIS,-0.3,Ascomycota,Pezizales
746,1443,Tuber4,Tuber,6,89,DIS,89DIS1,1,89DIS,-0.3,Ascomycota,Pezizales
748,1445,Tuber4,Tuber,6,89,DIS,89DIS1,1,89DIS,-0.3,Ascomycota,Pezizales
751,1448,Tuber4,Tuber,6,89,DIS,89DIS1,1,89DIS,-0.3,Ascomycota,Pezizales
31,194,Russula_nigricans,Russula,2,10,PET,10PET1,1,10PET,-1,Basidiomycota,Russulales
32,195,Russula_nigricans,Russula,2,10,PET,10PET1,1,10PET,-1,Basidiomycota,Russulales
33,197,Russula_nigricans,Russula,2,10,PET,10PET1,1,10PET,-1,Basidiomycota,Russulales
34,198,Russula_nigricans,Russula,2,10,PET,10PET1,1,10PET,-1,Basidiomycota,Russulales
49,254,Russula_nigricans,Russula,2,10,DIS,10DIS3,1,10DIS,-1,Basidiomycota,Russulales
50,255,Russula_nigricans,Russula,2,10,DIS,10DIS3,1,10DIS,-1,Basidiomycota,Russulales
51,256,Russula_nigricans,Russula,2,10,DIS,10DIS3,1,10DIS,-1,Basidiomycota,Russulales
52,257,Russula_nigricans,Russula,2,10,DIS,10DIS3,1,10DIS,-1,Basidiomycota,Russulales
53,259,Russula_nigricans,Russula,2,10,DIS,10DIS3,1,10DIS,-1,Basidiomycota,Russulales
54,260,Russula_nigricans,Russula,2,10,DIS,10DIS3,1,10DIS,-1,Basidiomycota,Russulales
55,261,Russula_nigricans,Russula,2,10,DIS,10DIS3,1,10DIS,-1,Basidiomycota,Russulales
56,262,Russula_nigricans,Russula,2,10,DIS,10DIS3,1,10DIS,-1,Basidiomycota,Russulales
70,282,Russula_nigricans,Russula,2,10,HUM,10HUM2,1,10HUM,-1,Basidiomycota,Russulales
71,283,Russula_nigricans,Russula,2,10,HUM,10HUM2,1,10HUM,-1,Basidiomycota,Russulales
72,284,Russula_nigricans,Russula,2,10,HUM,10HUM2,1,10HUM,-1,Basidiomycota,Russulales
73,285,Russula_nigricans,Russula,2,10,HUM,10HUM2,1,10HUM,-1,Basidiomycota,Russulales
74,286,Russula_nigricans,Russula,2,10,HUM,10HUM2,1,10HUM,-1,Basidiomycota,Russulales
75,288,Russula_nigricans,Russula,2,10,HUM,10HUM2,1,10HUM,-1,Basidiomycota,Russulales
76,289,Russula_nigricans,Russula,2,10,HUM,10HUM2,1,10HUM,-1,Basidiomycota,Russulales
77,290,Russula_nigricans,Russula,2,10,HUM,10HUM2,1,10HUM,-1,Basidiomycota,Russulales
78,291,Russula_nigricans,Russula,2,10,HUM,10HUM2,1,10HUM,-1,Basidiomycota,Russulales
79,292,Russula_nigricans,Russula,2,10,HUM,10HUM2,1,10HUM,-1,Basidiomycota,Russulales
115,406,Russula_pascua,Russula,4,26,BEB,26BEB1,1,26BEB,-0.4,Basidiomycota,Russulales
116,407,Russula_pascua,Russula,4,26,BEB,26BEB1,1,26BEB,-0.4,Basidiomycota,Russulales
132,425,Russula_laccata,Russula,4,26,BEB,26BEB2,1,26BEB,-0.4,Basidiomycota,Russulales
134,428,Russula_laccata,Russula,4,26,BEB,26BEB3,1,26BEB,-0.4,Basidiomycota,Russulales
137,431,Russula_laccata,Russula,4,26,BEB,26BEB3,1,26BEB,-0.4,Basidiomycota,Russulales
138,432,Russula_laccata,Russula,4,26,BEB,26BEB3,1,26BEB,-0.4,Basidiomycota,Russulales
140,434,Russula_laccata,Russula,4,26,BEB,26BEB3,1,26BEB,-0.4,Basidiomycota,Russulales
363,761,Russula_laccata,Russula,9,40,BEB,40BEB3,1,40BEB,-0.1,Basidiomycota,Russulales
365,764,Russula_odorata,Russula,9,40,DIS,40DIS3,1,40DIS,-0.1,Basidiomycota,Russulales
367,767,Russula_odorata,Russula,9,40,DIS,40DIS3,1,40DIS,-0.1,Basidiomycota,Russulales
369,769,Russula_odorata,Russula,9,40,DIS,40DIS3,1,40DIS,-0.1,Basidiomycota,Russulales
374,775,Russula_pascua,Russula,9,40,DIS,40DIS1,1,40DIS,-0.1,Basidiomycota,Russulales
375,776,Russula_pascua,Russula,9,40,DIS,40DIS1,1,40DIS,-0.1,Basidiomycota,Russulales
376,778,Russula_pascua,Russula,9,40,DIS,40DIS1,1,40DIS,-0.1,Basidiomycota,Russulales
382,787,Russula_laccata,Russula,9,40,BEB,40BEB2,1,40BEB,-0.1,Basidiomycota,Russulales
383,789,Russula_laccata,Russula,9,40,BEB,40BEB2,1,40BEB,-0.1,Basidiomycota,Russulales
384,791,Russula_laccata,Russula,9,40,BEB,40BEB2,1,40BEB,-0.1,Basidiomycota,Russulales
385,792,Russula_laccata,Russula,9,40,BEB,40BEB2,1,40BEB,-0.1,Basidiomycota,Russulales
386,795,Russula_laccata,Russula,9,40,BEB,40BEB2,1,40BEB,-0.1,Basidiomycota,Russulales
388,798,Russula_laccata,Russula,9,40,BEB,40BEB2,1,40BEB,-0.1,Basidiomycota,Russulales
404,852,Russula_laccata,Russula,9,40,PET,40PET3,1,40PET,-0.1,Basidiomycota,Russulales
548,1065,Lactarius_cf._subdulcis,Lactarius,12,49,PET,49PET1,1,49PET,0.1,Basidiomycota,Russulales
550,1067,Lactarius_cf._subdulcis,Lactarius,12,49,PET,49PET1,1,49PET,0.1,Basidiomycota,Russulales
629,1221,Russula_laccata,Russula,1,AS1,HUM,AS1HUM3,1,AS1HUM,-1.3,Basidiomycota,Russulales
630,1222,Russula_laccata,Russula,1,AS1,HUM,AS1HUM3,1,AS1HUM,-1.3,Basidiomycota,Russulales
633,1224,Russula_emetica,Russula,1,AS1,HUM,AS1HUM3,1,AS1HUM,-1.3,Basidiomycota,Russulales
635,1226,Russula_laccata,Russula,1,AS1,HUM,AS1HUM3,1,AS1HUM,-1.3,Basidiomycota,Russulales
651,1291,Russula_laccata,Russula,1,AS1,BEB,AS1BEB3,1,AS1BEB,-1.3,Basidiomycota,Russulales
652,1292,Russula_laccata,Russula,1,AS1,BEB,AS1BEB3,1,AS1BEB,-1.3,Basidiomycota,Russulales
653,1293,Russula_laccata,Russula,1,AS1,BEB,AS1BEB3,1,AS1BEB,-1.3,Basidiomycota,Russulales
654,1294,Russula_laccata,Russula,1,AS1,BEB,AS1BEB3,1,AS1BEB,-1.3,Basidiomycota,Russulales
655,1296,Russula_laccata,Russula,1,AS1,BEB,AS1BEB3,1,AS1BEB,-1.3,Basidiomycota,Russulales
656,1297,Russula_laccata,Russula,1,AS1,BEB,AS1BEB3,1,AS1BEB,-1.3,Basidiomycota,Russulales
657,1298,Russula_laccata,Russula,1,AS1,BEB,AS1BEB3,1,AS1BEB,-1.3,Basidiomycota,Russulales
658,1299,Russula_laccata,Russula,1,AS1,BEB,AS1BEB3,1,AS1BEB,-1.3,Basidiomycota,Russulales
659,1300,Russula_laccata,Russula,1,AS1,BEB,AS1BEB3,1,AS1BEB,-1.3,Basidiomycota,Russulales
660,1301,Russula_laccata,Russula,1,AS1,BEB,AS1BEB3,1,AS1BEB,-1.3,Basidiomycota,Russulales
661,1302,Russula_laccata,Russula,1,AS1,BEB,AS1BEB3,1,AS1BEB,-1.3,Basidiomycota,Russulales
680,1340,Lactarius_cf._subdulcis,Lactarius,3,AS3,PET,AS3PET1,1,AS3PET,-0.9,Basidiomycota,Russulales
681,1341,Lactarius_cf._subdulcis,Lactarius,3,AS3,PET,AS3PET1,1,AS3PET,-0.9,Basidiomycota,Russulales
684,1345,Lactarius_cf._subdulcis,Lactarius,3,AS3,PET,AS3PET1,1,AS3PET,-0.9,Basidiomycota,Russulales
700,1363,Russula_laccata,Russula,3,AS3,PET,AS3PET3,1,AS3PET,-0.9,Basidiomycota,Russulales
701,1364,Russula_laccata,Russula,3,AS3,PET,AS3PET3,1,AS3PET,-0.9,Basidiomycota,Russulales
702,1366,Russula_laccata,Russula,3,AS3,PET,AS3PET3,1,AS3PET,-0.9,Basidiomycota,Russulales
703,1368,Russula_laccata,Russula,3,AS3,PET,AS3PET3,1,AS3PET,-0.9,Basidiomycota,Russulales
705,1369,Russula_laccata,Russula,3,AS3,PET,AS3PET3,1,AS3PET,-0.9,Basidiomycota,Russulales
707,1371,Russula_laccata,Russula,3,AS3,PET,AS3PET3,1,AS3PET,-0.9,Basidiomycota,Russulales
708,1373,Russula_laccata,Russula,3,AS3,PET,AS3PET3,1,AS3PET,-0.9,Basidiomycota,Russulales
709,1374,Russula_laccata,Russula,3,AS3,PET,AS3PET3,1,AS3PET,-0.9,Basidiomycota,Russulales
710,1380,Lactarius_cf._subdulcis,Lactarius,3,AS3,BEB,AS3BEB1,1,AS3BEB,-0.9,Basidiomycota,Russulales
711,1385,Lactarius_cf._subdulcis,Lactarius,3,AS3,BEB,AS3BEB1,1,AS3BEB,-0.9,Basidiomycota,Russulales
712,1388,Lactarius_cf._subdulcis,Lactarius,3,AS3,BEB,AS3BEB1,1,AS3BEB,-0.9,Basidiomycota,Russulales
732,1428,Russula_laccata,Russula,6,89,BEB,89BEB1,1,89BEB,-0.3,Basidiomycota,Russulales
733,1429,Russula_laccata,Russula,6,89,BEB,89BEB1,1,89BEB,-0.3,Basidiomycota,Russulales
734,1430,Russula_laccata,Russula,6,89,BEB,89BEB1,1,89BEB,-0.3,Basidiomycota,Russulales
736,1432,Russula_laccata,Russula,6,89,BEB,89BEB1,1,89BEB,-0.3,Basidiomycota,Russulales
737,1433,Russula_laccata,Russula,6,89,BEB,89BEB1,1,89BEB,-0.3,Basidiomycota,Russulales
738,1434,Russula_laccata,Russula,6,89,BEB,89BEB1,1,89BEB,-0.3,Basidiomycota,Russulales
740,1436,Russula_laccata,Russula,6,89,BEB,89BEB1,1,89BEB,-0.3,Basidiomycota,Russulales
741,1437,Russula_laccata,Russula,6,89,BEB,89BEB1,1,89BEB,-0.3,Basidiomycota,Russulales
742,1438,Russula_laccata,Russula,6,89,BEB,89BEB1,1,89BEB,-0.3,Basidiomycota,Russulales
91,369,Sebacina1,Sebacina,4,26,DIS,26DIS1,1,26DIS,-0.4,Basidiomycota,Sebacinales
94,373,Sebacina1,Sebacina,4,26,DIS,26DIS1,1,26DIS,-0.4,Basidiomycota,Sebacinales
97,377,Sebacina1,Sebacina,4,26,DIS,26DIS1,1,26DIS,-0.4,Basidiomycota,Sebacinales
111,398,Sebacina1,Sebacina,4,26,DIS,26DIS2,1,26DIS,-0.4,Basidiomycota,Sebacinales
112,401,Sebacina1,Sebacina,4,26,DIS,26DIS2,1,26DIS,-0.4,Basidiomycota,Sebacinales
113,402,Sebacina3,Sebacina,4,26,BEB,26BEB1,1,26BEB,-0.4,Basidiomycota,Sebacinales
114,404,Sebacina3,Sebacina,4,26,BEB,26BEB1,1,26BEB,-0.4,Basidiomycota,Sebacinales
117,408,Sebacina3,Sebacina,4,26,BEB,26BEB1,1,26BEB,-0.4,Basidiomycota,Sebacinales
121,412,Sebacina3,Sebacina,4,26,BEB,26BEB1,1,26BEB,-0.4,Basidiomycota,Sebacinales
122,413,Sebacina3,Sebacina,4,26,BEB,26BEB1,1,26BEB,-0.4,Basidiomycota,Sebacinales
124,415,Sebacina1,Sebacina,4,26,BEB,26BEB2,1,26BEB,-0.4,Basidiomycota,Sebacinales
125,416,Sebacina1,Sebacina,4,26,BEB,26BEB2,1,26BEB,-0.4,Basidiomycota,Sebacinales
147,441,Sebacina1,Sebacina,4,26,PET,26PET1,1,26PET,-0.4,Basidiomycota,Sebacinales
153,446,Sebacina1,Sebacina,4,26,PET,26PET1,1,26PET,-0.4,Basidiomycota,Sebacinales
157,452,Sebacina1,Sebacina,4,26,PET,26PET2,1,26PET,-0.4,Basidiomycota,Sebacinales
158,453,Sebacina1,Sebacina,4,26,PET,26PET2,1,26PET,-0.4,Basidiomycota,Sebacinales
160,455,Sebacina1,Sebacina,4,26,PET,26PET2,1,26PET,-0.4,Basidiomycota,Sebacinales
161,456,Sebacina1,Sebacina,4,26,PET,26PET2,1,26PET,-0.4,Basidiomycota,Sebacinales
163,460,Sebacina1,Sebacina,4,26,PET,26PET2,1,26PET,-0.4,Basidiomycota,Sebacinales
325,704,Sebacina2,Sebacina,10,19,PET,19PET3,1,19PET,-0.1,Basidiomycota,Sebacinales
327,707,Sebacina2,Sebacina,10,19,PET,19PET3,1,19PET,-0.1,Basidiomycota,Sebacinales
328,710,Sebacina2,Sebacina,10,19,PET,19PET3,1,19PET,-0.1,Basidiomycota,Sebacinales
329,711,Sebacina2,Sebacina,10,19,PET,19PET3,1,19PET,-0.1,Basidiomycota,Sebacinales
330,712,Sebacina2,Sebacina,10,19,PET,19PET3,1,19PET,-0.1,Basidiomycota,Sebacinales
372,773,Sebacina10,Sebacina,9,40,DIS,40DIS3,1,40DIS,-0.1,Basidiomycota,Sebacinales
380,782,Sebacina10,Sebacina,9,40,DIS,40DIS1,1,40DIS,-0.1,Basidiomycota,Sebacinales
389,799,Sebacina11,Sebacina,9,40,PET,40PET2,1,40PET,-0.1,Basidiomycota,Sebacinales
391,801,Sebacina_4,Sebacina,9,40,PET,40PET2,1,40PET,-0.1,Basidiomycota,Sebacinales
392,803,Sebacina_6,Sebacina,9,40,PET,40PET2,1,40PET,-0.1,Basidiomycota,Sebacinales
394,805,Sebacina11,Sebacina,9,40,PET,40PET2,1,40PET,-0.1,Basidiomycota,Sebacinales
395,807,Sebacina_6,Sebacina,9,40,PET,40PET2,1,40PET,-0.1,Basidiomycota,Sebacinales
396,808,Sebacina_4,Sebacina,9,40,PET,40PET2,1,40PET,-0.1,Basidiomycota,Sebacinales
410,861,Sebacina9,Sebacina,7,34,PET,34PET1,1,34PET,-0.1,Basidiomycota,Sebacinales
585,1109,Sebacina2,Sebacina,11,68,PET,68PET2,1,68PET,-0.1,Basidiomycota,Sebacinales
745,1442,Sebacina9,Sebacina,6,89,DIS,89DIS1,1,89DIS,-0.3,Basidiomycota,Sebacinales
3,5,Tomentella_coerulea,Tomentella,6,89,DIS,BB-3N,1,89DIS,-0.3,Basidiomycota,Thelephorales
4,6,Tomentella21,Tomentella,6,89,DIS,BB-3N,1,89DIS,-0.3,Basidiomycota,Thelephorales
8,15,Tomentella2,Tomentella,6,89,DIS,BB-3M,1,89DIS,-0.3,Basidiomycota,Thelephorales
11,22,Tomentella_ellisii,Tomentella,6,89,DIS,BB-3S,1,89DIS,-0.3,Basidiomycota,Thelephorales
13,52,Tomentella5,Tomentella,6,89,PET,BB-2a,1,89PET,-0.3,Basidiomycota,Thelephorales
14,54,Tomentella5,Tomentella,6,89,PET,BB-2a,1,89PET,-0.3,Basidiomycota,Thelephorales
15,56,Tomentella5,Tomentella,6,89,PET,BB-2a,1,89PET,-0.3,Basidiomycota,Thelephorales
16,57,Tomentella14,Tomentella,6,89,PET,BB-2b,1,89PET,-0.3,Basidiomycota,Thelephorales
17,59,Tomentella14,Tomentella,6,89,PET,BB-2b,1,89PET,-0.3,Basidiomycota,Thelephorales
18,65,Tomentella9,Tomentella,6,89,PET,BB-2c,1,89PET,-0.3,Basidiomycota,Thelephorales
21,71,Tomentella5,Tomentella,6,89,PET,BB-2c,1,89PET,-0.3,Basidiomycota,Thelephorales
35,199,Tomentella_ellisii,Tomentella,2,10,PET,10PET1,1,10PET,-1,Basidiomycota,Thelephorales
36,200,Tomentella_ellisii,Tomentella,2,10,PET,10PET1,1,10PET,-1,Basidiomycota,Thelephorales
38,205,Tomentella_ellisii,Tomentella,2,10,PET,10PET1,1,10PET,-1,Basidiomycota,Thelephorales
39,206,Tomentella_ellisii,Tomentella,2,10,PET,10PET1,1,10PET,-1,Basidiomycota,Thelephorales
48,245,Tomentella15,Tomentella,2,10,DIS,10DIS2,1,10DIS,-1,Basidiomycota,Thelephorales
57,268,Tomentella4,Tomentella,2,10,PET,10PET2,1,10PET,-1,Basidiomycota,Thelephorales
58,269,Tomentella4,Tomentella,2,10,PET,10PET2,1,10PET,-1,Basidiomycota,Thelephorales
59,270,Tomentella4,Tomentella,2,10,PET,10PET2,1,10PET,-1,Basidiomycota,Thelephorales
60,271,Tomentella4,Tomentella,2,10,PET,10PET2,1,10PET,-1,Basidiomycota,Thelephorales
61,272,Tomentella4,Tomentella,2,10,PET,10PET2,1,10PET,-1,Basidiomycota,Thelephorales
62,273,Tomentella4,Tomentella,2,10,PET,10PET2,1,10PET,-1,Basidiomycota,Thelephorales
63,274,Tomentella4,Tomentella,2,10,PET,10PET2,1,10PET,-1,Basidiomycota,Thelephorales
64,276,Tomentella4,Tomentella,2,10,PET,10PET2,1,10PET,-1,Basidiomycota,Thelephorales
65,277,Tomentella4,Tomentella,2,10,PET,10PET2,1,10PET,-1,Basidiomycota,Thelephorales
66,278,Tomentella4,Tomentella,2,10,PET,10PET2,1,10PET,-1,Basidiomycota,Thelephorales
67,279,Tomentella4,Tomentella,2,10,PET,10PET2,1,10PET,-1,Basidiomycota,Thelephorales
68,280,Tomentella4,Tomentella,2,10,PET,10PET2,1,10PET,-1,Basidiomycota,Thelephorales
69,281,Tomentella4,Tomentella,2,10,PET,10PET2,1,10PET,-1,Basidiomycota,Thelephorales
89,367,Tomentella6,Tomentella,4,26,DIS,26DIS1,1,26DIS,-0.4,Basidiomycota,Thelephorales
93,372,Tomentella6,Tomentella,4,26,DIS,26DIS1,1,26DIS,-0.4,Basidiomycota,Thelephorales
95,374,Tomentella3,Tomentella,4,26,DIS,26DIS1,1,26DIS,-0.4,Basidiomycota,Thelephorales
99,379,Tomentella7,Tomentella,4,26,DIS,26DIS3,1,26DIS,-0.4,Basidiomycota,Thelephorales
104,384,Tomentella7,Tomentella,4,26,DIS,26DIS3,1,26DIS,-0.4,Basidiomycota,Thelephorales
108,388,Tomentella7,Tomentella,4,26,DIS,26DIS3,1,26DIS,-0.4,Basidiomycota,Thelephorales
109,389,Tomentella7,Tomentella,4,26,DIS,26DIS3,1,26DIS,-0.4,Basidiomycota,Thelephorales
123,414,Tomentella16,Tomentella,4,26,BEB,26BEB2,1,26BEB,-0.4,Basidiomycota,Thelephorales
130,423,Tomentella16,Tomentella,4,26,BEB,26BEB2,1,26BEB,-0.4,Basidiomycota,Thelephorales
133,427,Tomentella_ellisii,Tomentella,4,26,BEB,26BEB3,1,26BEB,-0.4,Basidiomycota,Thelephorales
135,429,Tomentella_ellisii,Tomentella,4,26,BEB,26BEB3,1,26BEB,-0.4,Basidiomycota,Thelephorales
136,430,Tomentella_ellisii,Tomentella,4,26,BEB,26BEB3,1,26BEB,-0.4,Basidiomycota,Thelephorales
141,435,Tomentella_ellisii,Tomentella,4,26,BEB,26BEB3,1,26BEB,-0.4,Basidiomycota,Thelephorales
142,436,Tomentella_ellisii,Tomentella,4,26,BEB,26BEB3,1,26BEB,-0.4,Basidiomycota,Thelephorales
144,438,Tomentella6,Tomentella,4,26,PET,26PET1,1,26PET,-0.4,Basidiomycota,Thelephorales
145,439,Tomentella6,Tomentella,4,26,PET,26PET1,1,26PET,-0.4,Basidiomycota,Thelephorales
146,440,Tomentella6,Tomentella,4,26,PET,26PET1,1,26PET,-0.4,Basidiomycota,Thelephorales
154,447,Tomentella6,Tomentella,4,26,PET,26PET1,1,26PET,-0.4,Basidiomycota,Thelephorales
155,448,Tomentella6,Tomentella,4,26,PET,26PET1,1,26PET,-0.4,Basidiomycota,Thelephorales
156,451,Tomentella6,Tomentella,4,26,PET,26PET2,1,26PET,-0.4,Basidiomycota,Thelephorales
159,454,Tomentella7,Tomentella,4,26,PET,26PET2,1,26PET,-0.4,Basidiomycota,Thelephorales
162,458,Tomentella7,Tomentella,4,26,PET,26PET2,1,26PET,-0.4,Basidiomycota,Thelephorales
164,461,Tomentella7,Tomentella,4,26,PET,26PET2,1,26PET,-0.4,Basidiomycota,Thelephorales
170,467,Tomentella_ellisii,Tomentella,4,26,PET,26PET3,1,26PET,-0.4,Basidiomycota,Thelephorales
177,480,Tomentella_ellisii,Tomentella,5,92,DIS,92DIS1,1,92DIS,-0.4,Basidiomycota,Thelephorales
181,500,Tomentella_ellisii,Tomentella,5,92,DIS,92DIS3,1,92DIS,-0.4,Basidiomycota,Thelephorales
182,501,Tomentella_ellisii,Tomentella,5,92,DIS,92DIS3,1,92DIS,-0.4,Basidiomycota,Thelephorales
183,502,Tomentella_ellisii,Tomentella,5,92,DIS,92DIS3,1,92DIS,-0.4,Basidiomycota,Thelephorales
184,503,Tomentella_ellisii,Tomentella,5,92,DIS,92DIS3,1,92DIS,-0.4,Basidiomycota,Thelephorales
185,504,Tomentella_ellisii,Tomentella,5,92,DIS,92DIS3,1,92DIS,-0.4,Basidiomycota,Thelephorales
193,521,Tomentella_ellisii,Tomentella,5,92,BEB,92BEB2,1,92BEB,-0.4,Basidiomycota,Thelephorales
194,528,Tomentella_ellisii,Tomentella,5,92,BEB,92BEB2,1,92BEB,-0.4,Basidiomycota,Thelephorales
195,530,Tomentella_ellisii,Tomentella,5,92,BEB,92BEB3,1,92BEB,-0.4,Basidiomycota,Thelephorales
201,545,Tomentella4,Tomentella,8,18,PET,18PET1,1,18PET,-0.1,Basidiomycota,Thelephorales
204,549,Tomentella_cf._bryophila,Tomentella,8,18,PET,18PET2,1,18PET,-0.1,Basidiomycota,Thelephorales
205,550,Tomentella_cf._bryophila,Tomentella,8,18,PET,18PET2,1,18PET,-0.1,Basidiomycota,Thelephorales
206,551,Tomentella_cf._bryophila,Tomentella,8,18,PET,18PET2,1,18PET,-0.1,Basidiomycota,Thelephorales
207,552,Tomentella_cf._bryophila,Tomentella,8,18,PET,18PET2,1,18PET,-0.1,Basidiomycota,Thelephorales
208,553,Tomentella_cf._bryophila,Tomentella,8,18,PET,18PET2,1,18PET,-0.1,Basidiomycota,Thelephorales
209,554,Tomentella_cf._bryophila,Tomentella,8,18,PET,18PET2,1,18PET,-0.1,Basidiomycota,Thelephorales
210,555,Tomentella_cf._bryophila,Tomentella,8,18,PET,18PET2,1,18PET,-0.1,Basidiomycota,Thelephorales
211,556,Tomentella_cf._bryophila,Tomentella,8,18,PET,18PET2,1,18PET,-0.1,Basidiomycota,Thelephorales
212,557,Tomentella7,Tomentella,8,18,PET,18PET2,1,18PET,-0.1,Basidiomycota,Thelephorales
213,558,Tomentella_cf._bryophila,Tomentella,8,18,PET,18PET2,1,18PET,-0.1,Basidiomycota,Thelephorales
214,560,Tomentella_cf._bryophila,Tomentella,8,18,PET,18PET3,1,18PET,-0.1,Basidiomycota,Thelephorales
216,564,Tomentella2,Tomentella,8,18,PET,18PET3,1,18PET,-0.1,Basidiomycota,Thelephorales
218,566,Tomentella2,Tomentella,8,18,PET,18PET3,1,18PET,-0.1,Basidiomycota,Thelephorales
224,576,Tomentella_cf._bryophila,Tomentella,8,18,PED,18PED1,1,18PED,-0.1,Basidiomycota,Thelephorales
225,578,Tomentella_cf._bryophila,Tomentella,8,18,PED,18PED1,1,18PED,-0.1,Basidiomycota,Thelephorales
228,584,Tomentella7,Tomentella,8,18,PED,18PED2,1,18PED,-0.1,Basidiomycota,Thelephorales
229,585,Tomentella_cf._bryophila,Tomentella,8,18,PED,18PED2,1,18PED,-0.1,Basidiomycota,Thelephorales
231,587,Tomentella7,Tomentella,8,18,PED,18PED2,1,18PED,-0.1,Basidiomycota,Thelephorales
233,590,Tomentella_cf._bryophila,Tomentella,8,18,PED,18PED2,1,18PED,-0.1,Basidiomycota,Thelephorales
234,591,Tomentella7,Tomentella,8,18,PED,18PED2,1,18PED,-0.1,Basidiomycota,Thelephorales
235,592,Tomentella7,Tomentella,8,18,PED,18PED2,1,18PED,-0.1,Basidiomycota,Thelephorales
237,594,Tomentella7,Tomentella,8,18,PED,18PED2,1,18PED,-0.1,Basidiomycota,Thelephorales
238,595,Tomentella_cf._bryophila,Tomentella,8,18,PED,18PED3,1,18PED,-0.1,Basidiomycota,Thelephorales
239,596,Tomentella_cf._bryophila,Tomentella,8,18,PED,18PED3,1,18PED,-0.1,Basidiomycota,Thelephorales
240,597,Tomentella_cf._bryophila,Tomentella,8,18,PED,18PED3,1,18PED,-0.1,Basidiomycota,Thelephorales
241,598,Tomentella_cf._bryophila,Tomentella,8,18,PED,18PED3,1,18PED,-0.1,Basidiomycota,Thelephorales
242,599,Tomentella_cf._bryophila,Tomentella,8,18,PED,18PED3,1,18PED,-0.1,Basidiomycota,Thelephorales
243,600,Tomentella_cf._bryophila,Tomentella,8,18,PED,18PED3,1,18PED,-0.1,Basidiomycota,Thelephorales
245,602,Tomentella_cf._bryophila,Tomentella,8,18,PED,18PED3,1,18PED,-0.1,Basidiomycota,Thelephorales
246,604,Tomentella_cf._bryophila,Tomentella,8,18,PED,18PED3,1,18PED,-0.1,Basidiomycota,Thelephorales
247,606,Tomentella_cf._bryophila,Tomentella,8,18,PED,18PED3,1,18PED,-0.1,Basidiomycota,Thelephorales
248,608,Tomentella_ellisii,Tomentella,8,18,DIS,18DIS1,1,18DIS,-0.1,Basidiomycota,Thelephorales
253,613,Tomentella2,Tomentella,8,18,DIS,18DIS1,1,18DIS,-0.1,Basidiomycota,Thelephorales
259,619,Tomentella7,Tomentella,8,18,DIS,18DIS3,1,18DIS,-0.1,Basidiomycota,Thelephorales
260,620,Tomentella7,Tomentella,8,18,DIS,18DIS3,1,18DIS,-0.1,Basidiomycota,Thelephorales
261,621,Tomentella2,Tomentella,8,18,DIS,18DIS3,1,18DIS,-0.1,Basidiomycota,Thelephorales
262,622,Tomentella7,Tomentella,8,18,DIS,18DIS3,1,18DIS,-0.1,Basidiomycota,Thelephorales
263,623,Tomentella2,Tomentella,8,18,DIS,18DIS3,1,18DIS,-0.1,Basidiomycota,Thelephorales
264,624,Tomentella2,Tomentella,8,18,DIS,18DIS3,1,18DIS,-0.1,Basidiomycota,Thelephorales
265,625,Tomentella2,Tomentella,8,18,DIS,18DIS3,1,18DIS,-0.1,Basidiomycota,Thelephorales
267,634,Tomentella7,Tomentella,8,18,DIS,18DIS2,1,18DIS,-0.1,Basidiomycota,Thelephorales
268,635,Tomentella7,Tomentella,8,18,DIS,18DIS2,1,18DIS,-0.1,Basidiomycota,Thelephorales
269,636,Tomentella2,Tomentella,8,18,DIS,18DIS2,1,18DIS,-0.1,Basidiomycota,Thelephorales
270,637,Tomentella7,Tomentella,8,18,DIS,18DIS2,1,18DIS,-0.1,Basidiomycota,Thelephorales
271,638,Tomentella7,Tomentella,8,18,DIS,18DIS2,1,18DIS,-0.1,Basidiomycota,Thelephorales
272,640,Thelephora_terristris,Thelephora,8,18,DIS,18DIS2,1,18DIS,-0.1,Basidiomycota,Thelephorales
273,641,Tomentella7,Tomentella,8,18,DIS,18DIS2,1,18DIS,-0.1,Basidiomycota,Thelephorales
274,642,Tomentella7,Tomentella,8,18,DIS,18DIS2,1,18DIS,-0.1,Basidiomycota,Thelephorales
275,643,Tomentella7,Tomentella,10,19,PED,19PED1,1,19PED,-0.1,Basidiomycota,Thelephorales
276,644,Tomentella7,Tomentella,10,19,PED,19PED1,1,19PED,-0.1,Basidiomycota,Thelephorales
277,645,Tomentella7,Tomentella,10,19,PED,19PED1,1,19PED,-0.1,Basidiomycota,Thelephorales
278,646,Tomentella7,Tomentella,10,19,PED,19PED1,1,19PED,-0.1,Basidiomycota,Thelephorales
279,647,Tomentella_cf._bryophila,Tomentella,10,19,PED,19PED1,1,19PED,-0.1,Basidiomycota,Thelephorales
280,648,Tomentella_cf._bryophila,Tomentella,10,19,PED,19PED1,1,19PED,-0.1,Basidiomycota,Thelephorales
281,649,Tomentella7,Tomentella,10,19,PED,19PED1,1,19PED,-0.1,Basidiomycota,Thelephorales
282,650,Tomentella_cf._bryophila,Tomentella,10,19,PED,19PED1,1,19PED,-0.1,Basidiomycota,Thelephorales
284,652,Tomentella_cf._bryophila,Tomentella,10,19,PED,19PED1,1,19PED,-0.1,Basidiomycota,Thelephorales
285,653,Tomentella_cf._bryophila,Tomentella,10,19,PED,19PED1,1,19PED,-0.1,Basidiomycota,Thelephorales
290,659,Tomentella_ellisii,Tomentella,10,19,PED,19PED2,1,19PED,-0.1,Basidiomycota,Thelephorales
303,680,Tomentella7,Tomentella,10,19,PET,19PET1,1,19PET,-0.1,Basidiomycota,Thelephorales
306,683,Tomentella11,Tomentella,10,19,PET,19PET1,1,19PET,-0.1,Basidiomycota,Thelephorales
309,686,Tomentella11,Tomentella,10,19,PET,19PET1,1,19PET,-0.1,Basidiomycota,Thelephorales
313,690,Tomentella11,Tomentella,10,19,PET,19PET1,1,19PET,-0.1,Basidiomycota,Thelephorales
314,691,Tomentella_ellisii,Tomentella,10,19,PET,19PET2,1,19PET,-0.1,Basidiomycota,Thelephorales
315,692,Tomentella_ellisii,Tomentella,10,19,PET,19PET2,1,19PET,-0.1,Basidiomycota,Thelephorales
316,693,Tomentella_ellisii,Tomentella,10,19,PET,19PET2,1,19PET,-0.1,Basidiomycota,Thelephorales
317,694,Tomentella_ellisii,Tomentella,10,19,PET,19PET2,1,19PET,-0.1,Basidiomycota,Thelephorales
318,695,Tomentella_ellisii,Tomentella,10,19,PET,19PET2,1,19PET,-0.1,Basidiomycota,Thelephorales
319,696,Tomentella_ellisii,Tomentella,10,19,PET,19PET2,1,19PET,-0.1,Basidiomycota,Thelephorales
320,697,Tomentella_ellisii,Tomentella,10,19,PET,19PET2,1,19PET,-0.1,Basidiomycota,Thelephorales
321,698,Tomentella_ellisii,Tomentella,10,19,PET,19PET2,1,19PET,-0.1,Basidiomycota,Thelephorales
322,700,Tomentella_ellisii,Tomentella,10,19,PET,19PET2,1,19PET,-0.1,Basidiomycota,Thelephorales
323,701,Tomentella_ellisii,Tomentella,10,19,PET,19PET2,1,19PET,-0.1,Basidiomycota,Thelephorales
324,702,Tomentella_ellisii,Tomentella,10,19,PET,19PET2,1,19PET,-0.1,Basidiomycota,Thelephorales
326,706,Tomentella_ellisii,Tomentella,10,19,PET,19PET3,1,19PET,-0.1,Basidiomycota,Thelephorales
331,713,Tomentella_ellisii,Tomentella,10,19,PET,19PET3,1,19PET,-0.1,Basidiomycota,Thelephorales
349,744,Tomentella_ellisii,Tomentella,10,19,CAN,19CAN3,1,19CAN,-0.1,Basidiomycota,Thelephorales
356,752,Tomentella17,Tomentella,9,40,BEB,40BEB3,1,40BEB,-0.1,Basidiomycota,Thelephorales
368,768,Tomentella18,Tomentella,9,40,DIS,40DIS3,1,40DIS,-0.1,Basidiomycota,Thelephorales
400,816,Tomentella17,Tomentella,9,40,DIS,40DIS2,1,40DIS,-0.1,Basidiomycota,Thelephorales
403,848,Tomentella13,Tomentella,9,40,PET,40PET3,1,40PET,-0.1,Basidiomycota,Thelephorales
407,858,Tomentella_ellisii,Tomentella,9,40,PET,40PET3,1,40PET,-0.1,Basidiomycota,Thelephorales
418,872,Tomentella7,Tomentella,7,34,CAN,34CAN2,1,34CAN,-0.1,Basidiomycota,Thelephorales
419,873,Tomentella7,Tomentella,7,34,CAN,34CAN2,1,34CAN,-0.1,Basidiomycota,Thelephorales
420,874,Tomentella7,Tomentella,7,34,CAN,34CAN2,1,34CAN,-0.1,Basidiomycota,Thelephorales
421,875,Tomentella7,Tomentella,7,34,CAN,34CAN2,1,34CAN,-0.1,Basidiomycota,Thelephorales
422,876,Tomentella7,Tomentella,7,34,CAN,34CAN2,1,34CAN,-0.1,Basidiomycota,Thelephorales
423,877,Tomentella7,Tomentella,7,34,CAN,34CAN2,1,34CAN,-0.1,Basidiomycota,Thelephorales
424,878,Tomentella7,Tomentella,7,34,CAN,34CAN2,1,34CAN,-0.1,Basidiomycota,Thelephorales
425,880,Tomentella7,Tomentella,7,34,CAN,34CAN2,1,34CAN,-0.1,Basidiomycota,Thelephorales
426,881,Tomentella7,Tomentella,7,34,CAN,34CAN2,1,34CAN,-0.1,Basidiomycota,Thelephorales
427,882,Tomentella7,Tomentella,7,34,CAN,34CAN2,1,34CAN,-0.1,Basidiomycota,Thelephorales
429,884,Tomentella7,Tomentella,7,34,SER,34SER2,1,34SER,-0.1,Basidiomycota,Thelephorales
435,889,Tomentella7,Tomentella,7,34,SER,34SER2,1,34SER,-0.1,Basidiomycota,Thelephorales
436,890,Tomentella7,Tomentella,7,34,SER,34SER2,1,34SER,-0.1,Basidiomycota,Thelephorales
437,892,Tomentella7,Tomentella,7,34,SER,34SER2,1,34SER,-0.1,Basidiomycota,Thelephorales
440,895,Tomentella_cf._bryophila,Tomentella,7,34,CAN,34CAN1,1,34CAN,-0.1,Basidiomycota,Thelephorales
442,897,Tomentella3,Tomentella,7,34,CAN,34CAN1,1,34CAN,-0.1,Basidiomycota,Thelephorales
443,898,Tomentella3,Tomentella,7,34,CAN,34CAN1,1,34CAN,-0.1,Basidiomycota,Thelephorales
455,916,Tomentella7,Tomentella,7,34,PET,34PET3,1,34PET,-0.1,Basidiomycota,Thelephorales
456,917,Tomentella7,Tomentella,7,34,PET,34PET3,1,34PET,-0.1,Basidiomycota,Thelephorales
457,918,Tomentella7,Tomentella,7,34,PET,34PET3,1,34PET,-0.1,Basidiomycota,Thelephorales
459,920,Tomentella_ellisii,Tomentella,7,34,CAN,34CAN3,1,34CAN,-0.1,Basidiomycota,Thelephorales
461,922,Tomentella_ellisii,Tomentella,7,34,CAN,34CAN3,1,34CAN,-0.1,Basidiomycota,Thelephorales
462,924,Tomentella_ellisii,Tomentella,7,34,CAN,34CAN3,1,34CAN,-0.1,Basidiomycota,Thelephorales
463,925,Tomentella_ellisii,Tomentella,7,34,CAN,34CAN3,1,34CAN,-0.1,Basidiomycota,Thelephorales
466,928,Tomentella_ellisii,Tomentella,7,34,CAN,34CAN3,1,34CAN,-0.1,Basidiomycota,Thelephorales
467,929,Thelephora_terristris,Thelephora,7,34,CAN,34CAN3,1,34CAN,-0.1,Basidiomycota,Thelephorales
468,930,Tomentella_ellisii,Tomentella,7,34,CAN,34CAN3,1,34CAN,-0.1,Basidiomycota,Thelephorales
475,946,Tomentella3,Tomentella,7,34,PET,34PET2,1,34PET,-0.1,Basidiomycota,Thelephorales
476,947,Tomentella3,Tomentella,7,34,PET,34PET2,1,34PET,-0.1,Basidiomycota,Thelephorales
477,948,Tomentella3,Tomentella,7,34,PET,34PET2,1,34PET,-0.1,Basidiomycota,Thelephorales
478,949,Tomentella3,Tomentella,7,34,PET,34PET2,1,34PET,-0.1,Basidiomycota,Thelephorales
479,950,Tomentella3,Tomentella,7,34,PET,34PET2,1,34PET,-0.1,Basidiomycota,Thelephorales
482,991,Tomentella_ellisii,Tomentella,12,49,PED,49PED3,1,49PED,0.1,Basidiomycota,Thelephorales
483,992,Tomentella_ellisii,Tomentella,12,49,PED,49PED3,1,49PED,0.1,Basidiomycota,Thelephorales
484,994,Tomentella_ellisii,Tomentella,12,49,PED,49PED3,1,49PED,0.1,Basidiomycota,Thelephorales
485,996,Tomentella19,Tomentella,12,49,PED,49PED3,1,49PED,0.1,Basidiomycota,Thelephorales
486,999,Tomentella_ellisii,Tomentella,12,49,PED,49PED3,1,49PED,0.1,Basidiomycota,Thelephorales
487,1000,Tomentella_ellisii,Tomentella,12,49,PED,49PED3,1,49PED,0.1,Basidiomycota,Thelephorales
488,1001,Tomentella_ellisii,Tomentella,12,49,PED,49PED3,1,49PED,0.1,Basidiomycota,Thelephorales
489,1002,Tomentella_ellisii,Tomentella,12,49,PED,49PED3,1,49PED,0.1,Basidiomycota,Thelephorales
490,1003,Tomentella_ellisii,Tomentella,12,49,PET,49PET3,1,49PET,0.1,Basidiomycota,Thelephorales
493,1006,Tomentella_ellisii,Tomentella,12,49,PET,49PET3,1,49PET,0.1,Basidiomycota,Thelephorales
494,1007,Tomentella_ellisii,Tomentella,12,49,PET,49PET3,1,49PET,0.1,Basidiomycota,Thelephorales
495,1008,Tomentella_ellisii,Tomentella,12,49,PET,49PET3,1,49PET,0.1,Basidiomycota,Thelephorales
496,1009,Tomentella3,Tomentella,12,49,PET,49PET3,1,49PET,0.1,Basidiomycota,Thelephorales
497,1010,Tomentella3,Tomentella,12,49,PET,49PET3,1,49PET,0.1,Basidiomycota,Thelephorales
498,1011,Tomentella_ellisii,Tomentella,12,49,PET,49PET3,1,49PET,0.1,Basidiomycota,Thelephorales
499,1012,Tomentella3,Tomentella,12,49,PET,49PET3,1,49PET,0.1,Basidiomycota,Thelephorales
501,1015,Tomentella_ellisii,Tomentella,12,49,PED,49PED2,1,49PED,0.1,Basidiomycota,Thelephorales
502,1016,Tomentella_ellisii,Tomentella,12,49,PED,49PED2,1,49PED,0.1,Basidiomycota,Thelephorales
503,1017,Tomentella_ellisii,Tomentella,12,49,PED,49PED2,1,49PED,0.1,Basidiomycota,Thelephorales
504,1019,Tomentella_ellisii,Tomentella,12,49,PED,49PED2,1,49PED,0.1,Basidiomycota,Thelephorales
505,1020,Tomentella_ellisii,Tomentella,12,49,PED,49PED2,1,49PED,0.1,Basidiomycota,Thelephorales
506,1021,Tomentella_ellisii,Tomentella,12,49,PED,49PED2,1,49PED,0.1,Basidiomycota,Thelephorales
507,1022,Tomentella_ellisii,Tomentella,12,49,PED,49PED2,1,49PED,0.1,Basidiomycota,Thelephorales
508,1023,Tomentella_ellisii,Tomentella,12,49,PED,49PED2,1,49PED,0.1,Basidiomycota,Thelephorales
509,1024,Tomentella_ellisii,Tomentella,12,49,PED,49PED2,1,49PED,0.1,Basidiomycota,Thelephorales
510,1025,Tomentella_ellisii,Tomentella,12,49,PED,49PED2,1,49PED,0.1,Basidiomycota,Thelephorales
511,1026,Tomentella_ellisii,Tomentella,12,49,PED,49PED2,1,49PED,0.1,Basidiomycota,Thelephorales
514,1029,Tomentella_ellisii,Tomentella,12,49,DIS,49DIS1,1,49DIS,0.1,Basidiomycota,Thelephorales
517,1032,Tomentella7,Tomentella,12,49,DIS,49DIS1,1,49DIS,0.1,Basidiomycota,Thelephorales
518,1033,Tomentella_ellisii,Tomentella,12,49,DIS,49DIS1,1,49DIS,0.1,Basidiomycota,Thelephorales
519,1034,Tomentella3,Tomentella,12,49,DIS,49DIS1,1,49DIS,0.1,Basidiomycota,Thelephorales
520,1035,Tomentella_cf._bryophila,Tomentella,12,49,DIS,49DIS1,1,49DIS,0.1,Basidiomycota,Thelephorales
521,1036,Tomentella_ellisii,Tomentella,12,49,DIS,49DIS1,1,49DIS,0.1,Basidiomycota,Thelephorales
525,1040,Tomentella12,Tomentella,12,49,PET,49PET2,1,49PET,0.1,Basidiomycota,Thelephorales
529,1044,Tomentella12,Tomentella,12,49,PET,49PET2,1,49PET,0.1,Basidiomycota,Thelephorales
530,1045,Tomentella12,Tomentella,12,49,PET,49PET2,1,49PET,0.1,Basidiomycota,Thelephorales
543,1060,Tomentella13,Tomentella,12,49,DIS,49DIS2,1,49DIS,0.1,Basidiomycota,Thelephorales
546,1063,Tomentella_ellisii,Tomentella,12,49,PET,49PET1,1,49PET,0.1,Basidiomycota,Thelephorales
547,1064,Tomentella_ellisii,Tomentella,12,49,PET,49PET1,1,49PET,0.1,Basidiomycota,Thelephorales
551,1068,Tomentella_ellisii,Tomentella,12,49,PET,49PET1,1,49PET,0.1,Basidiomycota,Thelephorales
553,1070,Tomentella_ellisii,Tomentella,12,49,PET,49PET1,1,49PET,0.1,Basidiomycota,Thelephorales
554,1071,Tomentella_ellisii,Tomentella,12,49,PET,49PET1,1,49PET,0.1,Basidiomycota,Thelephorales
555,1072,Tomentella_ellisii,Tomentella,12,49,PET,49PET1,1,49PET,0.1,Basidiomycota,Thelephorales
560,1076,Tomentella_ellisii,Tomentella,12,49,PED,49PED1,1,49PED,0.1,Basidiomycota,Thelephorales
561,1077,Tomentella_ellisii,Tomentella,12,49,PED,49PED1,1,49PED,0.1,Basidiomycota,Thelephorales
562,1079,Tomentella_ellisii,Tomentella,12,49,PED,49PED1,1,49PED,0.1,Basidiomycota,Thelephorales
564,1081,Tomentella_ellisii,Tomentella,12,49,PED,49PED1,1,49PED,0.1,Basidiomycota,Thelephorales
565,1083,Tomentella_ellisii,Tomentella,12,49,PED,49PED1,1,49PED,0.1,Basidiomycota,Thelephorales
569,1086,Tomentella_ellisii,Tomentella,12,49,PED,49PED1,1,49PED,0.1,Basidiomycota,Thelephorales
570,1087,Tomentella_ellisii,Tomentella,11,68,CAN,68CAN3,1,68CAN,-0.1,Basidiomycota,Thelephorales
573,1089,Tomentella_ellisii,Tomentella,11,68,CAN,68CAN3,1,68CAN,-0.1,Basidiomycota,Thelephorales
576,1094,Tomentella8,Tomentella,11,68,CAN,68CAN3,1,68CAN,-0.1,Basidiomycota,Thelephorales
578,1096,Tomentella_ellisii,Tomentella,11,68,CAN,68CAN3,1,68CAN,-0.1,Basidiomycota,Thelephorales
581,1101,Tomentella_cf._bryophila,Tomentella,11,68,PET,68PET2,1,68PET,-0.1,Basidiomycota,Thelephorales
582,1103,Tomentella_cf._bryophila,Tomentella,11,68,PET,68PET2,1,68PET,-0.1,Basidiomycota,Thelephorales
584,1105,Tomentella_cf._bryophila,Tomentella,11,68,PET,68PET2,1,68PET,-0.1,Basidiomycota,Thelephorales
590,1117,Tomentella7,Tomentella,11,68,SER,68SER1,1,68SER,-0.1,Basidiomycota,Thelephorales
591,1118,Tomentella7,Tomentella,11,68,SER,68SER1,1,68SER,-0.1,Basidiomycota,Thelephorales
594,1122,Tomentella20,Tomentella,11,68,SER,68SER1,1,68SER,-0.1,Basidiomycota,Thelephorales
595,1123,Tomentella8,Tomentella,11,68,CAN,68CAN2,1,68CAN,-0.1,Basidiomycota,Thelephorales
596,1126,Tomentella3,Tomentella,11,68,CAN,68CAN2,1,68CAN,-0.1,Basidiomycota,Thelephorales
597,1127,Tomentella8,Tomentella,11,68,CAN,68CAN2,1,68CAN,-0.1,Basidiomycota,Thelephorales
598,1128,Tomentella3,Tomentella,11,68,CAN,68CAN2,1,68CAN,-0.1,Basidiomycota,Thelephorales
599,1131,Tomentella_ellisii,Tomentella,11,68,CAN,68CAN2,1,68CAN,-0.1,Basidiomycota,Thelephorales
600,1134,Tomentella_ellisii,Tomentella,11,68,CAN,68CAN2,1,68CAN,-0.1,Basidiomycota,Thelephorales
601,1147,Tomentella8,Tomentella,11,68,PET,68PET1,1,68PET,-0.1,Basidiomycota,Thelephorales
602,1148,Tomentella7,Tomentella,11,68,PET,68PET1,1,68PET,-0.1,Basidiomycota,Thelephorales
603,1149,Tomentella_ellisii,Tomentella,11,68,PET,68PET1,1,68PET,-0.1,Basidiomycota,Thelephorales
606,1153,Tomentella7,Tomentella,11,68,PET,68PET1,1,68PET,-0.1,Basidiomycota,Thelephorales
607,1154,Tomentella_ellisii,Tomentella,11,68,PET,68PET1,1,68PET,-0.1,Basidiomycota,Thelephorales
612,1158,Tomentella7,Tomentella,11,68,PET,68PET1,1,68PET,-0.1,Basidiomycota,Thelephorales
622,1207,Tomentella_ramosissima,Tomentella,1,AS1,HUM,AS1HUM2,1,AS1HUM,-1.3,Basidiomycota,Thelephorales
623,1208,Thelephora_terristris,Thelephora,1,AS1,HUM,AS1HUM2,1,AS1HUM,-1.3,Basidiomycota,Thelephorales
639,1231,Tomentella4,Tomentella,1,AS1,PET,AS1PET1,1,AS1PET,-1.3,Basidiomycota,Thelephorales
640,1232,Tomentella4,Tomentella,1,AS1,PET,AS1PET1,1,AS1PET,-1.3,Basidiomycota,Thelephorales
642,1235,Tomentella4,Tomentella,1,AS1,PET,AS1PET1,1,AS1PET,-1.3,Basidiomycota,Thelephorales
643,1237,Tomentella4,Tomentella,1,AS1,PET,AS1PET1,1,AS1PET,-1.3,Basidiomycota,Thelephorales
644,1238,Tomentella4,Tomentella,1,AS1,PET,AS1PET1,1,AS1PET,-1.3,Basidiomycota,Thelephorales
645,1239,Tomentella4,Tomentella,1,AS1,PET,AS1PET1,1,AS1PET,-1.3,Basidiomycota,Thelephorales
676,1331,Tomentellopsis,Tomentellopsis,3,AS3,HUM,AS3HUM3,1,AS3HUM,-0.9,Basidiomycota,Thelephorales
679,1339,Tomentella_ellisii,Tomentella,3,AS3,PET,AS3PET1,1,AS3PET,-0.9,Basidiomycota,Thelephorales
682,1343,Tomentella_ellisii,Tomentella,3,AS3,PET,AS3PET1,1,AS3PET,-0.9,Basidiomycota,Thelephorales
683,1344,Tomentella_ellisii,Tomentella,3,AS3,PET,AS3PET1,1,AS3PET,-0.9,Basidiomycota,Thelephorales
685,1346,Tomentella_ellisii,Tomentella,3,AS3,PET,AS3PET1,1,AS3PET,-0.9,Basidiomycota,Thelephorales
686,1347,Tomentella_ellisii,Tomentella,3,AS3,PET,AS3PET1,1,AS3PET,-0.9,Basidiomycota,Thelephorales
687,1348,Tomentella_ellisii,Tomentella,3,AS3,PET,AS3PET1,1,AS3PET,-0.9,Basidiomycota,Thelephorales
688,1349,Tomentella_ellisii,Tomentella,3,AS3,PET,AS3PET1,1,AS3PET,-0.9,Basidiomycota,Thelephorales
689,1350,Tomentella_ellisii,Tomentella,3,AS3,PET,AS3PET1,1,AS3PET,-0.9,Basidiomycota,Thelephorales
706,1370,Tomentella_ellisii,Tomentella,3,AS3,PET,AS3PET3,1,AS3PET,-0.9,Basidiomycota,Thelephorales
717,1397,Tomentella_ellisii,Tomentella,3,AS3,BEB,AS3BEB2,1,AS3BEB,-0.9,Basidiomycota,Thelephorales
728,1416,Tomentella10,Tomentella,6,89,BEB,89BEB2,1,89BEB,-0.3,Basidiomycota,Thelephorales
729,1419,Tomentella10,Tomentella,6,89,BEB,89BEB2,1,89BEB,-0.3,Basidiomycota,Thelephorales
730,1420,Tomentella10,Tomentella,6,89,BEB,89BEB2,1,89BEB,-0.3,Basidiomycota,Thelephorales
731,1426,Tomentella10,Tomentella,6,89,BEB,89BEB2,1,89BEB,-0.3,Basidiomycota,Thelephorales
735,1431,Tomentella5,Tomentella,6,89,BEB,89BEB1,1,89BEB,-0.3,Basidiomycota,Thelephorales
739,1435,Tomentella5,Tomentella,6,89,BEB,89BEB1,1,89BEB,-0.3,Basidiomycota,Thelephorales
743,1440,Tomentella_ellisii,Tomentella,6,89,DIS,89DIS1,1,89DIS,-0.3,Basidiomycota,Thelephorales
749,1446,Tomentella_ellisii,Tomentella,6,89,DIS,89DIS1,1,89DIS,-0.3,Basidiomycota,Thelephorales
750,1447,Tomentella15,Tomentella,6,89,DIS,89DIS1,1,89DIS,-0.3,Basidiomycota,Thelephorales
753,1458,Tomentella9,Tomentella,6,89,DIS,89DIS1,1,89DIS,-0.3,Basidiomycota,Thelephorales
755,1461,Tomentella9,Tomentella,6,89,DIS,89DIS1,1,89DIS,-0.3,Basidiomycota,Thelephorales
757,1468,Tomentella5,Tomentella,6,89,BEB,89BEB1,1,89BEB,-0.3,Basidiomycota,Thelephorales
758,1469,Tomentella5,Tomentella,6,89,BEB,89BEB1,1,89BEB,-0.3,Basidiomycota,Thelephorales